"Rnd","Dato","TV","Kamp","hjemme","ude","Res","Tilskuere","Dommer","Dato_num","dag","måned","år_start","år_slut","år","match_date","sæson","kickoff","holiday_name","is_holiday","weekday_num","dagstype","kickoff_hour","kamp_tid","regn_1h_for","regn_dag","temp_kamp","vind_1h","vindstød_1h","skydække_kamp","regn_1h_kat","regn_dag_kat","temp_kamp_kat","vind_1h_kat","vindstød_1h_kat","skydække_kamp_kat","dato_index"
1,21.07,NA,"VFF - BIF","VFF","BIF","3 - 3",7.658,"Lasse LÃ¦bel Graagaard",21.07,21,7,2024,2025,2024,2024-07-21,"2024/2025",2024-07-21 18:00:00,"Ingen",FALSE,7,"Weekend",18,"Aften",0,0,26.0857142857143,3.85,6.45,87.8571428571429,"Ingen regn før kamp","Tør dag","Varmt","Svag vind","Let vindstød","Overskyet",2024-07-21
4,12.08,NA,"VFF - AaB","VFF","AaB","2 - 3",6.852,"Mads Kristoffersen",12.08,12,8,2024,2025,2024,2024-08-12,"2024/2025",2024-08-12 19:00:00,"Ingen",FALSE,1,"Hverdag",19,"Aften",0,0,22.1428571428571,1.55,4.6,0,"Ingen regn før kamp","Tør dag","Varmt","Svag vind","Let vindstød","Solrigt",2024-08-12
6,26.08,NA,"VFF - LBK","VFF","LBK","1 - 0",5.816,"Jakob Kehlet",26.08,26,8,2024,2025,2024,2024-08-26,"2024/2025",2024-08-26 19:00:00,"Ingen",FALSE,1,"Hverdag",19,"Aften",0,0,18.0428571428571,5.4,8.8,32.8571428571429,"Ingen regn før kamp","Tør dag","Varmt","Mellem vind","Mellem vindstød","Let overskyet",2024-08-26
9,20.09,NA,"VFF - FCN","VFF","FCN","3 - 2",6.29,"Sandi Putros",20.09,20,9,2024,2025,2024,2024-09-20,"2024/2025",2024-09-20 19:00:00,"Ingen",FALSE,5,"Hverdag",19,"Aften",0,0,18.7428571428571,2.6,4.1,0,"Ingen regn før kamp","Tør dag","Varmt","Svag vind","Let vindstød","Solrigt",2024-09-20
11,6.1,NA,"VFF - AGF","VFF","AGF","1 - 1",8.351,"Mikkel Redder",6.1,6,10,2024,2025,2024,2024-10-06,"2024/2025",2024-10-06 16:00:00,"Ingen",FALSE,7,"Weekend",16,"Eftermiddag",0,0,13.3142857142857,3.35,6.45,92.8571428571429,"Ingen regn før kamp","Tør dag","Mildt","Svag vind","Let vindstød","Overskyet",2024-10-06
13,27.1,NA,"VFF - SJF","VFF","SJF","4 - 2",6.227,"Aydin Uslu",27.1,27,10,2024,2025,2024,2024-10-27,"2024/2025",2024-10-27 16:00:00,"Ingen",FALSE,7,"Weekend",16,"Eftermiddag",0,2,10.6428571428571,6.7,10.55,37.8571428571429,"Ingen regn før kamp","Lidt regn i løbet af dag","Mildt","Mellem vind","Mellem vindstød","Let overskyet",2024-10-27
15,10.11,NA,"VFF - FCM","VFF","FCM","1 - 0",8.513,"Sandi Putros",10.11,10,11,2024,2025,2024,2024-11-10,"2024/2025",2024-11-10 16:00:00,"Ingen",FALSE,7,"Weekend",16,"Eftermiddag",0,0.2,5.21428571428571,1.25,3.1,95.7142857142857,"Ingen regn før kamp","Lidt regn i løbet af dag","Koldt","Svag vind","Let vindstød","Overskyet",2024-11-10
17,1.12,NA,"VFF - RFC","VFF","RFC","1 - 2",5.681,"Jens Maae",1.12,1,12,2024,2025,2024,2024-12-01,"2024/2025",2024-12-01 14:00:00,"Ingen",FALSE,7,"Weekend",14,"Eftermiddag",0,0,6.88571428571429,3.35,5.95,100,"Ingen regn før kamp","Tør dag","Koldt","Svag vind","Let vindstød","Overskyet",2024-12-01
19,24.02,NA,"VFF - SIF","VFF","SIF","1 - 4",5.208,"Michael Tykgaard",24.02,24,2,2024,2025,2025,2025-02-24,"2024/2025",2025-02-24 19:00:00,"Ingen",FALSE,1,"Hverdag",19,"Aften",1,0,7.82857142857143,4.6,8.5,100,"Let regn før kamp","Tør dag","Koldt","Mellem vind","Mellem vindstød","Overskyet",2025-02-24
20,2.03,NA,"VFF - VB","VFF","VB","3 - 1",5.346,"Mikkel Redder",2.03,2,3,2024,2025,2025,2025-03-02,"2024/2025",2025-03-02 14:00:00,"Ingen",FALSE,7,"Weekend",14,"Eftermiddag",0,0,9.07142857142857,7.45,12.65,65,"Ingen regn før kamp","Tør dag","Koldt","Mellem vind","Mellem vindstød","Let overskyet",2025-03-02
22,16.03,NA,"VFF - FCK","VFF","FCK","3 - 2",7.75,"Jakob Kehlet",16.03,16,3,2024,2025,2025,2025-03-16,"2024/2025",2025-03-16 17:00:00,"Ingen",FALSE,7,"Weekend",17,"Aften",0,0,7.37142857142857,8,13.15,85.7142857142857,"Ingen regn før kamp","Tør dag","Koldt","Mellem vind","Mellem vindstød","Overskyet",2025-03-16
24,6.04,NA,"VFF - SJF","VFF","SJF","2 - 1",6.265,"Sandi Putros",6.04,6,4,2024,2025,2025,2025-04-06,"2024/2025",2025-04-06 14:00:00,"Ingen",FALSE,7,"Weekend",14,"Eftermiddag",0,0,9.91428571428571,1.8,6.2,6.42857142857143,"Ingen regn før kamp","Tør dag","Koldt","Svag vind","Let vindstød","Solrigt",2025-04-06
25,13.04,NA,"VFF - SIF","VFF","SIF","2 - 1",6.002,"Mikkel Redder",13.04,13,4,2024,2025,2025,2025-04-13,"2024/2025",2025-04-13 14:00:00,"Ingen",FALSE,7,"Weekend",14,"Eftermiddag",0,0,14,4.35,9,91.4285714285714,"Ingen regn før kamp","Tør dag","Mildt","Mellem vind","Mellem vindstød","Overskyet",2025-04-13
27,21.04,NA,"VFF - LBK","VFF","LBK","1 - 1",5.536,"Mads Kristoffersen",21.04,21,4,2024,2025,2025,2025-04-21,"2024/2025",2025-04-21 14:00:00,"2. Påskedag",TRUE,1,"Hverdag",14,"Eftermiddag",0,0,8.54285714285714,3.6,5.65,100,"Ingen regn før kamp","Tør dag","Koldt","Svag vind","Let vindstød","Overskyet",2025-04-21
30,11.05,NA,"VFF - AaB","VFF","AaB","3 - 1",5.678,"Jonas Hansen",11.05,11,5,2024,2025,2025,2025-05-11,"2024/2025",2025-05-11 18:00:00,"Ingen",FALSE,7,"Weekend",18,"Aften",0,0,17.4142857142857,3.85,8.25,37.1428571428571,"Ingen regn før kamp","Tør dag","Mildt","Svag vind","Mellem vindstød","Let overskyet",2025-05-11
31,18.05,NA,"VFF - VB","VFF","VB","0 - 1",6.136,"Aydin Uslu",18.05,18,5,2024,2025,2025,2025-05-18,"2024/2025",2025-05-18 14:00:00,"Ingen",FALSE,7,"Weekend",14,"Eftermiddag",0,0,16.9142857142857,6.2,10.8,70.7142857142857,"Ingen regn før kamp","Tør dag","Mildt","Mellem vind","Mellem vindstød","Overskyet",2025-05-18
2,28.07,NA,"VFF - LBK","VFF","LBK","2 - 2",4.485,"Lasse LÃ¦bel Graagaard",28.07,28,7,2023,2024,2023,2023-07-28,"2023/2024",2023-07-28 19:00:00,"Ingen",FALSE,5,"Hverdag",19,"Aften",0,0,21.2857142857143,2.6,5.1,15.7142857142857,"Ingen regn før kamp","Tør dag","Varmt","Svag vind","Let vindstød","Solrigt",2023-07-28
4,14.08,NA,"VFF - HIF","VFF","HIF","0 - 0",6.141,"Peter KjÃ¦rsgaard",14.08,14,8,2023,2024,2023,2023-08-14,"2023/2024",2023-08-14 19:00:00,"Ingen",FALSE,1,"Hverdag",19,"Aften",0,0,21.7857142857143,3.6,7.2,61.4285714285714,"Ingen regn før kamp","Tør dag","Varmt","Svag vind","Let vindstød","Let overskyet",2023-08-14
5,21.08,NA,"VFF - VB","VFF","VB","2 - 1",6.01,"Jakob Kehlet",21.08,21,8,2023,2024,2023,2023-08-21,"2023/2024",2023-08-21 19:00:00,"Ingen",FALSE,1,"Hverdag",19,"Aften",0,0,21.1571428571429,4.85,7.2,2.85714285714286,"Ingen regn før kamp","Tør dag","Varmt","Mellem vind","Let vindstød","Solrigt",2023-08-21
8,15.09,NA,"VFF - FCM","VFF","FCM","2 - 2",8.663,"Aydin Uslu",15.09,15,9,2023,2024,2023,2023-09-15,"2023/2024",2023-09-15 19:00:00,"Ingen",FALSE,5,"Hverdag",19,"Aften",0,0,17.8714285714286,2.6,4.9,6.42857142857143,"Ingen regn før kamp","Tør dag","Mildt","Svag vind","Let vindstød","Solrigt",2023-09-15
10,1.1,NA,"VFF - AGF","VFF","AGF","2 - 1",7.244,"Jacob Karlsen",1.1,1,10,2023,2024,2023,2023-10-01,"2023/2024",2023-10-01 18:00:00,"Ingen",FALSE,7,"Weekend",18,"Aften",0,0.2,14.2714285714286,2.6,4.6,100,"Ingen regn før kamp","Lidt regn i løbet af dag","Mildt","Svag vind","Let vindstød","Overskyet",2023-10-01
12,22.1,NA,"VFF - FCN","VFF","FCN","0 - 2",5.354,"Morten Krogh",22.1,22,10,2023,2024,2023,2023-10-22,"2023/2024",2023-10-22 16:00:00,"Ingen",FALSE,7,"Weekend",16,"Eftermiddag",0,0,11.3571428571429,2.85,5.95,100,"Ingen regn før kamp","Tør dag","Mildt","Svag vind","Let vindstød","Overskyet",2023-10-22
14,5.11,NA,"VFF - SIF","VFF","SIF","2 - 1",5.65,"Lasse LÃ¦bel Graagaard",5.11,5,11,2023,2024,2023,2023-11-05,"2023/2024",2023-11-05 14:00:00,"Ingen",FALSE,7,"Weekend",14,"Eftermiddag",0,1.5,9.92857142857143,2.35,5.15,92.8571428571429,"Ingen regn før kamp","Lidt regn i løbet af dag","Koldt","Svag vind","Let vindstød","Overskyet",2023-11-05
16,25.11,NA,"VFF - FCK","VFF","FCK","2 - 1",6.661,"Jakob Kehlet",25.11,25,11,2023,2024,2023,2023-11-25,"2023/2024",2023-11-25 19:00:00,"Ingen",FALSE,6,"Weekend",19,"Aften",0,0,0.114285714285714,2.6,5.15,80.7142857142857,"Ingen regn før kamp","Tør dag","Koldt","Svag vind","Let vindstød","Overskyet",2023-11-25
18,16.02,NA,"VFF - OB","VFF","OB","1 - 2",5.774,"Jens Maae",16.02,16,2,2023,2024,2024,2024-02-16,"2023/2024",2024-02-16 19:00:00,"Ingen",FALSE,5,"Hverdag",19,"Aften",0,1.1,6.21428571428571,6.45,11.3,100,"Ingen regn før kamp","Lidt regn i løbet af dag","Koldt","Mellem vind","Mellem vindstød","Overskyet",2024-02-16
20,3.03,NA,"VFF - RFC","VFF","RFC","3 - 0",6.557,"Antoniou Menelaos",3.03,3,3,2023,2024,2024,2024-03-03,"2023/2024",2024-03-03 14:00:00,"Ingen",FALSE,7,"Weekend",14,"Eftermiddag",0,0,7.58571428571429,6.2,9.25,100,"Ingen regn før kamp","Tør dag","Koldt","Mellem vind","Mellem vindstød","Overskyet",2024-03-03
21,10.03,NA,"VFF - BIF","VFF","BIF","1 - 2",7.876,"Mikkel Redder",10.03,10,3,2023,2024,2024,2024-03-10,"2023/2024",2024-03-10 18:00:00,"Ingen",FALSE,7,"Weekend",18,"Aften",0,0,3.01428571428571,7.7,11.85,97.1428571428571,"Ingen regn før kamp","Tør dag","Koldt","Mellem vind","Mellem vindstød","Overskyet",2024-03-10
23,31.03,NA,"VFF - HIF","VFF","HIF","3 - 1",5.405,"Peter KjÃ¦rsgaard",31.03,31,3,2023,2024,2024,2024-03-31,"2023/2024",2024-03-31 16:00:00,"Påskedag",TRUE,7,"Weekend",16,"Eftermiddag",0,0,8.77142857142857,1.8,3.35,87.8571428571429,"Ingen regn før kamp","Tør dag","Koldt","Svag vind","Let vindstød","Overskyet",2024-03-31
26,21.04,NA,"VFF - LBK","VFF","LBK","2 - 1",6.713,"Jakob Kehlet",21.04,21,4,2023,2024,2024,2024-04-21,"2023/2024",2024-04-21 14:00:00,"Ingen",FALSE,7,"Weekend",14,"Eftermiddag",0,0,9.38571428571429,4.6,9,71.4285714285714,"Ingen regn før kamp","Tør dag","Koldt","Mellem vind","Mellem vindstød","Overskyet",2024-04-21
27,28.04,NA,"VFF - RFC","VFF","RFC","0 - 0",6.826,"Jacob Karlsen",28.04,28,4,2023,2024,2024,2024-04-28,"2023/2024",2024-04-28 14:00:00,"Ingen",FALSE,7,"Weekend",14,"Eftermiddag",0,0,19.8285714285714,6.7,12.1,59.2857142857143,"Ingen regn før kamp","Tør dag","Varmt","Mellem vind","Mellem vindstød","Let overskyet",2024-04-28
29,12.05,NA,"VFF - VB","VFF","VB","1 - 2",6.107,"JÃ¸rgen Daugbjerg",12.05,12,5,2023,2024,2024,2024-05-12,"2023/2024",2024-05-12 14:00:00,"Ingen",FALSE,7,"Weekend",14,"Eftermiddag",0,0,18.5714285714286,4.6,8,4.28571428571429,"Ingen regn før kamp","Tør dag","Varmt","Mellem vind","Mellem vindstød","Solrigt",2024-05-12
32,25.05,NA,"VFF - OB","VFF","OB","2 - 1",6.465,"Jacob Karlsen",25.05,25,5,2023,2024,2024,2024-05-25,"2023/2024",2024-05-25 15:00:00,"Ingen",FALSE,6,"Weekend",15,"Eftermiddag",0,0,19.2714285714286,3.6,6.95,90,"Ingen regn før kamp","Tør dag","Varmt","Svag vind","Let vindstød","Overskyet",2024-05-25
1,17.07,NA,"VFF - AaB","VFF","AaB","2 - 1",4.681,"Mads Kristoffersen",17.07,17,7,2022,2023,2022,2022-07-17,"2022/2023",2022-07-17 14:00:00,"Ingen",FALSE,7,"Weekend",14,"Eftermiddag",0,0,18.9428571428571,6.45,9.55,78.5714285714286,"Ingen regn før kamp","Tør dag","Varmt","Mellem vind","Mellem vindstød","Overskyet",2022-07-17
3,31.07,NA,"VFF - FCK","VFF","FCK","4 - 2",6.064,"Jonas Hansen",31.07,31,7,2022,2023,2022,2022-07-31,"2022/2023",2022-07-31 16:00:00,"Ingen",FALSE,7,"Weekend",16,"Eftermiddag",0,0,18.9571428571429,3.6,7.25,100,"Ingen regn før kamp","Tør dag","Varmt","Svag vind","Let vindstød","Overskyet",2022-07-31
5,14.08,NA,"VFF - SIF","VFF","SIF","2 - 0",5.806,"Michael Tykgaard",14.08,14,8,2022,2023,2022,2022-08-14,"2022/2023",2022-08-14 14:00:00,"Ingen",FALSE,7,"Weekend",14,"Eftermiddag",0,0,28.1857142857143,4.6,7.7,80,"Ingen regn før kamp","Tør dag","Varmt","Mellem vind","Let vindstød","Overskyet",2022-08-14
7,28.08,NA,"VFF - LBK","VFF","LBK","2 - 1",3.491,"Jakob Kehlet",28.08,28,8,2022,2023,2022,2022-08-28,"2022/2023",2022-08-28 14:00:00,"Ingen",FALSE,7,"Weekend",14,"Eftermiddag",0.6,0.6,20.2571428571429,2.05,4.6,81.4285714285714,"Let regn før kamp","Lidt regn i løbet af dag","Varmt","Svag vind","Let vindstød","Overskyet",2022-08-28
9,12.09,NA,"VFF - ACH","VFF","ACH","2 - 1",4.067,"Mads Kristoffersen",12.09,12,9,2022,2023,2022,2022-09-12,"2022/2023",2022-09-12 19:00:00,"Ingen",FALSE,1,"Hverdag",19,"Aften",0,0,17.8,4.35,9,91.4285714285714,"Ingen regn før kamp","Tør dag","Mildt","Mellem vind","Mellem vindstød","Overskyet",2022-09-12
10,18.09,NA,"VFF - BIF","VFF","BIF","0 - 0",8.632,"Jakob A. Sundberg",18.09,18,9,2022,2023,2022,2022-09-18,"2022/2023",2022-09-18 16:00:00,"Ingen",FALSE,7,"Weekend",16,"Eftermiddag",0.4,0.6,13.3142857142857,4.9,9.25,83.5714285714286,"Let regn før kamp","Lidt regn i løbet af dag","Mildt","Mellem vind","Mellem vindstød","Overskyet",2022-09-18
13,16.1,NA,"VFF - OB","VFF","OB","0 - 0",4.909,"Sandi Putros",16.1,16,10,2022,2023,2022,2022-10-16,"2022/2023",2022-10-16 14:00:00,"Ingen",FALSE,7,"Weekend",14,"Eftermiddag",0,6.6,12.9857142857143,10.3,18,36.4285714285714,"Ingen regn før kamp","Våd dag","Mildt","Kraftig vind","Kraftige vindstød","Let overskyet",2022-10-16
16,6.11,NA,"VFF - AGF","VFF","AGF","1 - 1",7.399,"JÃ¸rgen Daugbjerg",6.11,6,11,2022,2023,2022,2022-11-06,"2022/2023",2022-11-06 14:00:00,"Ingen",FALSE,7,"Weekend",14,"Eftermiddag",0,1.2,12.6571428571429,3.35,6.45,72.8571428571429,"Ingen regn før kamp","Lidt regn i løbet af dag","Mildt","Svag vind","Let vindstød","Overskyet",2022-11-06
18,20.02,NA,"VFF - FCM","VFF","FCM","0 - 4",7.218,"Jacob Karlsen",20.02,20,2,2022,2023,2023,2023-02-20,"2022/2023",2023-02-20 19:00:00,"Ingen",FALSE,1,"Hverdag",19,"Aften",0,1,6.35714285714286,10.3,15.7,90,"Ingen regn før kamp","Lidt regn i løbet af dag","Koldt","Kraftig vind","Kraftige vindstød","Overskyet",2023-02-20
20,5.03,NA,"VFF - RFC","VFF","RFC","2 - 2",5.923,"Jakob Kehlet",5.03,5,3,2022,2023,2023,2023-03-05,"2022/2023",2023-03-05 14:00:00,"Ingen",FALSE,7,"Weekend",14,"Eftermiddag",0,0,2.85714285714286,3.6,7.45,0,"Ingen regn før kamp","Tør dag","Koldt","Svag vind","Let vindstød","Solrigt",2023-03-05
21,12.03,NA,"VFF - FCN","VFF","FCN","1 - 1",5.934,"JÃ¸rgen Daugbjerg",12.03,12,3,2022,2023,2023,2023-03-12,"2022/2023",2023-03-12 14:00:00,"Ingen",FALSE,7,"Weekend",14,"Eftermiddag",0,0,2.04285714285714,4.85,9.3,95.7142857142857,"Ingen regn før kamp","Tør dag","Koldt","Mellem vind","Mellem vindstød","Overskyet",2023-03-12
24,9.04,NA,"VFF - AGF","VFF","AGF","0 - 1",7.533,"Aydin Uslu",9.04,9,4,2022,2023,2023,2023-04-09,"2022/2023",2023-04-09 16:00:00,"Påskedag",TRUE,7,"Weekend",16,"Eftermiddag",0,0,14.3142857142857,3.6,6.95,50.7142857142857,"Ingen regn før kamp","Tør dag","Mildt","Svag vind","Let vindstød","Let overskyet",2023-04-09
26,23.04,NA,"VFF - FCN","VFF","FCN","1 - 0",5.966,"JÃ¸rgen Daugbjerg",23.04,23,4,2022,2023,2023,2023-04-23,"2022/2023",2023-04-23 14:00:00,"Ingen",FALSE,7,"Weekend",14,"Eftermiddag",0,0,12.8142857142857,4.6,8.2,66.4285714285714,"Ingen regn før kamp","Tør dag","Mildt","Mellem vind","Mellem vindstød","Let overskyet",2023-04-23
27,30.04,NA,"VFF - RFC","VFF","RFC","3 - 1",6.542,"Jonas Hansen",30.04,30,4,2022,2023,2023,2023-04-30,"2022/2023",2023-04-30 14:00:00,"Ingen",FALSE,7,"Weekend",14,"Eftermiddag",0,0,8.68571428571429,5.1,9.25,90,"Ingen regn før kamp","Tør dag","Koldt","Mellem vind","Mellem vindstød","Overskyet",2023-04-30
30,21.05,NA,"VFF - BIF","VFF","BIF","1 - 1",9.342,"Peter KjÃ¦rsgaard",21.05,21,5,2022,2023,2023,2023-05-21,"2022/2023",2023-05-21 16:05:00,"Ingen",FALSE,7,"Weekend",16,"Eftermiddag",0,0,21.4166666666667,4.6,8.8,52.5,"Ingen regn før kamp","Tør dag","Varmt","Mellem vind","Mellem vindstød","Let overskyet",2023-05-21
31,29.05,NA,"VFF - FCK","VFF","FCK","1 - 2",9.523,"Morten Krogh",29.05,29,5,2022,2023,2023,2023-05-29,"2022/2023",2023-05-29 16:00:00,"2. Pinsedag",TRUE,1,"Hverdag",16,"Eftermiddag",0,0,14.1142857142857,7.2,11.05,0,"Ingen regn før kamp","Tør dag","Mildt","Mellem vind","Mellem vindstød","Solrigt",2023-05-29
3,31.07,NA,"VFF - FCM","VFF","FCM","0 - 2",4.038,"Anders Poulsen",31.07,31,7,2021,2022,2021,2021-07-31,"2021/2022",2021-07-31 16:00:00,"Ingen",FALSE,6,"Weekend",16,"Eftermiddag",1,3.4,16.2428571428571,3.6,6.95,91.4285714285714,"Let regn før kamp","Lidt regn i løbet af dag","Mildt","Svag vind","Let vindstød","Overskyet",2021-07-31
5,13.08,NA,"VFF - RFC","VFF","RFC","1 - 2",5.085,"Aydin Uslu",13.08,13,8,2021,2022,2021,2021-08-13,"2021/2022",2021-08-13 19:00:00,"Ingen",FALSE,5,"Hverdag",19,"Aften",0,0,18.9,7.45,11.85,90,"Ingen regn før kamp","Tør dag","Varmt","Mellem vind","Mellem vindstød","Overskyet",2021-08-13
6,22.08,NA,"VFF - AGF","VFF","AGF","2 - 0",5.422,"Michael Tykgaard",22.08,22,8,2021,2022,2021,2021-08-22,"2021/2022",2021-08-22 18:00:00,"Ingen",FALSE,7,"Weekend",18,"Aften",0,0,20.3571428571429,4.1,7.45,0,"Ingen regn før kamp","Tør dag","Varmt","Mellem vind","Let vindstød","Solrigt",2021-08-22
8,12.09,NA,"VFF - AaB","VFF","AaB","2 - 3",6.014,"Peter KjÃ¦rsgaard",12.09,12,9,2021,2022,2021,2021-09-12,"2021/2022",2021-09-12 14:00:00,"Ingen",FALSE,7,"Weekend",14,"Eftermiddag",0,0,18.5571428571429,7.95,12.4,61.4285714285714,"Ingen regn før kamp","Tør dag","Varmt","Mellem vind","Mellem vindstød","Let overskyet",2021-09-12
10,26.09,NA,"VFF - OB","VFF","OB","1 - 1",3.963,"Jakob Kehlet",26.09,26,9,2021,2022,2021,2021-09-26,"2021/2022",2021-09-26 14:00:00,"Ingen",FALSE,7,"Weekend",14,"Eftermiddag",0,0,18.4571428571429,3.85,6.7,30.7142857142857,"Ingen regn før kamp","Tør dag","Varmt","Svag vind","Let vindstød","Let overskyet",2021-09-26
12,15.1,NA,"VFF - SIF","VFF","SIF","1 - 1",5.286,"Peter KjÃ¦rsgaard",15.1,15,10,2021,2022,2021,2021-10-15,"2021/2022",2021-10-15 19:00:00,"Ingen",FALSE,5,"Hverdag",19,"Aften",0,0,9.14285714285714,8.25,13.9,46.4285714285714,"Ingen regn før kamp","Tør dag","Koldt","Mellem vind","Mellem vindstød","Let overskyet",2021-10-15
14,31.1,NA,"VFF - BIF","VFF","BIF","0 - 1",7.724,"JÃ¸rgen Daugbjerg",31.1,31,10,2021,2022,2021,2021-10-31,"2021/2022",2021-10-31 18:00:00,"Ingen",FALSE,7,"Weekend",18,"Aften",0,0,10.2571428571429,4.6,8.5,94.2857142857143,"Ingen regn før kamp","Tør dag","Mildt","Mellem vind","Mellem vindstød","Overskyet",2021-10-31
15,5.11,NA,"VFF - FCN","VFF","FCN","2 - 2",3.899,"Peter KjÃ¦rsgaard",5.11,5,11,2021,2022,2021,2021-11-05,"2021/2022",2021-11-05 19:00:00,"Ingen",FALSE,5,"Hverdag",19,"Aften",0,0,8.64285714285714,4.85,8,72.1428571428571,"Ingen regn før kamp","Tør dag","Koldt","Mellem vind","Mellem vindstød","Overskyet",2021-11-05
17,28.11,NA,"VFF - SJF","VFF","SJF","1 - 1",4.031,"Anders Poulsen",28.11,28,11,2021,2022,2021,2021-11-28,"2021/2022",2021-11-28 14:00:00,"Ingen",FALSE,7,"Weekend",14,"Eftermiddag",0,0,2.47142857142857,1,2.35,100,"Ingen regn før kamp","Tør dag","Koldt","Svag vind","Let vindstød","Overskyet",2021-11-28
19,27.02,NA,"VFF - FCK","VFF","FCK","0 - 2",7.025,"Jakob Kehlet",27.02,27,2,2021,2022,2022,2022-02-27,"2021/2022",2022-02-27 16:00:00,"Ingen",FALSE,7,"Weekend",16,"Eftermiddag",0,0,6.94285714285714,3.6,6.45,0,"Ingen regn før kamp","Tør dag","Koldt","Svag vind","Let vindstød","Solrigt",2022-02-27
21,13.03,NA,"VFF - VB","VFF","VB","2 - 0",4.227,"Mikkel Redder",13.03,13,3,2021,2022,2022,2022-03-13,"2021/2022",2022-03-13 14:00:00,"Ingen",FALSE,7,"Weekend",14,"Eftermiddag",0,0,10,6.45,10.55,0,"Ingen regn før kamp","Tør dag","Mildt","Mellem vind","Mellem vindstød","Solrigt",2022-03-13
23,1.04,NA,"VFF - SJF","VFF","SJF","2 - 1",3.093,"JÃ¸rgen Daugbjerg",1.04,1,4,2021,2022,2022,2022-04-01,"2021/2022",2022-04-01 19:00:00,"Ingen",FALSE,5,"Hverdag",19,"Aften",0,0,3.45714285714286,5.15,8.8,40.7142857142857,"Ingen regn før kamp","Tør dag","Koldt","Mellem vind","Mellem vindstød","Let overskyet",2022-04-01
26,17.04,NA,"VFF - OB","VFF","OB","1 - 1",3.857,"Aydin Uslu",17.04,17,4,2021,2022,2022,2022-04-17,"2021/2022",2022-04-17 18:00:00,"Påskedag",TRUE,7,"Weekend",18,"Aften",0,0,15.5285714285714,1.25,4.6,0,"Ingen regn før kamp","Tør dag","Mildt","Svag vind","Let vindstød","Solrigt",2022-04-17
28,29.04,NA,"VFF - FCN","VFF","FCN","1 - 1",4.298,"Anders Poulsen",29.04,29,4,2021,2022,2022,2022-04-29,"2021/2022",2022-04-29 19:00:00,"Ingen",FALSE,5,"Hverdag",19,"Aften",0,0,11.2571428571429,5.95,9.55,1.42857142857143,"Ingen regn før kamp","Tør dag","Mildt","Mellem vind","Mellem vindstød","Solrigt",2022-04-29
29,9.05,NA,"VFF - VB","VFF","VB","2 - 2",3.649,"Jakob Kehlet",9.05,9,5,2021,2022,2022,2022-05-09,"2021/2022",2022-05-09 19:00:00,"Ingen",FALSE,1,"Hverdag",19,"Aften",0,0,17.8571428571429,5.4,9.55,0,"Ingen regn før kamp","Tør dag","Mildt","Mellem vind","Mellem vindstød","Solrigt",2022-05-09
31,15.05,NA,"VFF - AGF","VFF","AGF","1 - 0",4.691,"Peter KjÃ¦rsgaard",15.05,15,5,2021,2022,2022,2022-05-15,"2021/2022",2022-05-15 20:00:00,"Ingen",FALSE,7,"Weekend",20,"Aften",0,0,13.7857142857143,3.85,7.5,0,"Ingen regn før kamp","Tør dag","Mildt","Svag vind","Let vindstød","Solrigt",2022-05-15
1,15.07,NA,"VFF - FCN","VFF","FCN","0 - 4",2.58,"JÃ¸rgen Daugbjerg",15.07,15,7,2016,2017,2016,2016-07-15,"2016/2017",2016-07-15 18:00:00,"Ingen",FALSE,5,"Hverdag",18,"Aften",0,0,15.7428571428571,8.25,13.65,95.7142857142857,"Ingen regn før kamp","Tør dag","Mildt","Mellem vind","Mellem vindstød","Overskyet",2016-07-15
3,29.07,NA,"VFF - EFB","VFF","EFB","2 - 1",2.929,"Morten Krogh",29.07,29,7,2016,2017,2016,2016-07-29,"2016/2017",2016-07-29 18:00:00,"Ingen",FALSE,5,"Hverdag",18,"Aften",0,0,21.1,3.35,7.5,83.5714285714286,"Ingen regn før kamp","Tør dag","Varmt","Svag vind","Let vindstød","Overskyet",2016-07-29
5,12.08,NA,"VFF - RFC","VFF","RFC","0 - 1",4.065,"Lars Christoffersen",12.08,12,8,2016,2017,2016,2016-08-12,"2016/2017",2016-08-12 18:00:00,"Ingen",FALSE,5,"Hverdag",18,"Aften",0,2,17.5428571428571,6.45,11.55,100,"Ingen regn før kamp","Lidt regn i løbet af dag","Mildt","Mellem vind","Mellem vindstød","Overskyet",2016-08-12
7,28.08,NA,"VFF - FCM","VFF","FCM","0 - 0",6.043,"Dennis Mogensen",28.08,28,8,2016,2017,2016,2016-08-28,"2016/2017",2016-08-28 20:00:00,"Ingen",FALSE,7,"Weekend",20,"Aften",0,2.7,20.3571428571429,3.35,6.7,97.1428571428571,"Ingen regn før kamp","Lidt regn i løbet af dag","Varmt","Svag vind","Let vindstød","Overskyet",2016-08-28
8,10.09,NA,"VFF - ACH","VFF","ACH","2 - 4",3.096,"Michael Johansen",10.09,10,9,2016,2017,2016,2016-09-10,"2016/2017",2016-09-10 14:00:00,"Ingen",FALSE,6,"Weekend",14,"Eftermiddag",0,0,23.8571428571429,4.6,8.5,64.2857142857143,"Ingen regn før kamp","Tør dag","Varmt","Mellem vind","Mellem vindstød","Let overskyet",2016-09-10
11,25.09,NA,"VFF - LBK","VFF","LBK","0 - 1",3.126,"Peter Munch Larsen",25.09,25,9,2016,2017,2016,2016-09-25,"2016/2017",2016-09-25 12:00:00,"Ingen",FALSE,7,"Weekend",12,"Eftermiddag",0,0,20.5428571428571,5.4,9.75,0,"Ingen regn før kamp","Tør dag","Varmt","Mellem vind","Mellem vindstød","Solrigt",2016-09-25
12,2.1,NA,"VFF - FCK","VFF","FCK","0 - 0",4.137,"JÃ¸rgen Daugbjerg",2.1,2,10,2016,2017,2016,2016-10-02,"2016/2017",2016-10-02 16:00:00,"Ingen",FALSE,7,"Weekend",16,"Eftermiddag",1.1,2.6,12.6,3.1,6.65,100,"Let regn før kamp","Lidt regn i løbet af dag","Mildt","Svag vind","Let vindstød","Overskyet",2016-10-02
14,21.1,NA,"VFF - SIF","VFF","SIF","1 - 3",3.31,"Peter KjÃ¦rsgaard",21.1,21,10,2016,2017,2016,2016-10-21,"2016/2017",2016-10-21 20:15:00,"Ingen",FALSE,5,"Hverdag",20,"Aften",0,1.7,7.5,4.6,7.7,100,"Ingen regn før kamp","Lidt regn i løbet af dag","Koldt","Mellem vind","Let vindstød","Overskyet",2016-10-21
16,6.11,NA,"VFF - BIF","VFF","BIF","1 - 2",4.311,"Michael Tykgaard",6.11,6,11,2016,2017,2016,2016-11-06,"2016/2017",2016-11-06 16:00:00,"Ingen",FALSE,7,"Weekend",16,"Eftermiddag",0,1.7,2.67142857142857,9.05,15.15,100,"Ingen regn før kamp","Lidt regn i løbet af dag","Koldt","Kraftig vind","Kraftige vindstød","Overskyet",2016-11-06
18,26.11,NA,"VFF - SJF","VFF","SJF","2 - 2",1.74,"Peter KjÃ¦rsgaard",26.11,26,11,2016,2017,2016,2016-11-26,"2016/2017",2016-11-26 16:00:00,"Ingen",FALSE,6,"Weekend",16,"Eftermiddag",0,0.6,8.57142857142857,9.05,14.65,89.2857142857143,"Ingen regn før kamp","Lidt regn i løbet af dag","Koldt","Kraftig vind","Mellem vindstød","Overskyet",2016-11-26
21,12.12,NA,"VFF - OB","VFF","OB","1 - 1",2.71,"Jakob Kehlet",12.12,12,12,2016,2017,2016,2016-12-12,"2016/2017",2016-12-12 19:00:00,"Ingen",FALSE,1,"Hverdag",19,"Aften",0,0,1.91428571428571,1.25,3.1,65.7142857142857,"Ingen regn før kamp","Tør dag","Koldt","Svag vind","Let vindstød","Let overskyet",2016-12-12
23,27.02,NA,"VFF - AGF","VFF","AGF","1 - 1",3.112,"Morten Krogh",27.02,27,2,2016,2017,2017,2017-02-27,"2016/2017",2017-02-27 19:00:00,"Ingen",FALSE,1,"Hverdag",19,"Aften",0.6,3.7,7.54285714285714,3.6,7.45,100,"Let regn før kamp","Lidt regn i løbet af dag","Koldt","Svag vind","Let vindstød","Overskyet",2017-02-27
26,19.03,NA,"VFF - AaB","VFF","AaB","2 - 1",5.501,"Michael Johansen",19.03,19,3,2016,2017,2017,2017-03-19,"2016/2017",2017-03-19 17:00:00,"Ingen",FALSE,7,"Weekend",17,"Aften",0.7,3.9,2.64285714285714,5.4,10.3,100,"Let regn før kamp","Lidt regn i løbet af dag","Koldt","Mellem vind","Mellem vindstød","Overskyet",2017-03-19
27,2.04,NA,"VFF - AGF","VFF","AGF","2 - 4",5.749,"Mads Kristoffersen",2.04,2,4,2016,2017,2017,2017-04-02,"2016/2017",2017-04-02 16:00:00,"Ingen",FALSE,7,"Weekend",16,"Eftermiddag",0,0,11.9142857142857,3.6,6.2,100,"Ingen regn før kamp","Tør dag","Mildt","Svag vind","Let vindstød","Overskyet",2017-04-02
29,17.04,NA,"VFF - SIF","VFF","SIF","0 - 0",4.26,"Jakob Kehlet",17.04,17,4,2016,2017,2017,2017-04-17,"2016/2017",2017-04-17 13:00:00,"2. Påskedag",TRUE,1,"Hverdag",13,"Eftermiddag",1,1,4.47142857142857,4.35,9,95.7142857142857,"Let regn før kamp","Lidt regn i løbet af dag","Koldt","Mellem vind","Mellem vindstød","Overskyet",2017-04-17
31,30.04,NA,"VFF - AaB","VFF","AaB","1 - 1",4.067,"Michael Tykgaard",30.04,30,4,2016,2017,2017,2017-04-30,"2016/2017",2017-04-30 13:00:00,"Ingen",FALSE,7,"Weekend",13,"Eftermiddag",0,0,11.7142857142857,5.7,10.8,50.7142857142857,"Ingen regn før kamp","Tør dag","Mildt","Mellem vind","Mellem vindstød","Let overskyet",2017-04-30
33,12.05,NA,"VFF - ACH","VFF","ACH","3 - 0",3.02,"Michael Tykgaard",12.05,12,5,2016,2017,2017,2017-05-12,"2016/2017",2017-05-12 18:00:00,"Store bededag",TRUE,5,"Hverdag",18,"Aften",0,0,14.6428571428571,7.95,13.15,87.8571428571429,"Ingen regn før kamp","Tør dag","Mildt","Mellem vind","Mellem vindstød","Overskyet",2017-05-12
35,22.05,NA,"VFF - AGF","VFF","AGF","2 - 2",8.619,"Peter KjÃ¦rsgaard",22.05,22,5,2016,2017,2017,2017-05-22,"2016/2017",2017-05-22 19:00:00,"Ingen",FALSE,1,"Hverdag",19,"Aften",0,0,18.5428571428571,3.35,6.7,6.42857142857143,"Ingen regn før kamp","Tør dag","Varmt","Svag vind","Let vindstød","Solrigt",2017-05-22
2,27.07,NA,"VFF - AGF","VFF","AGF","0 - 0",6.318,"Michael Tykgaard",27.07,27,7,2015,2016,2015,2015-07-27,"2015/2016",2015-07-27 19:00:00,"Ingen",FALSE,1,"Hverdag",19,"Aften",0,0,15.2857142857143,4.1,7.95,100,"Ingen regn før kamp","Tør dag","Mildt","Mellem vind","Let vindstød","Overskyet",2015-07-27
3,31.07,NA,"VFF - EFB","VFF","EFB","2 - 1",3.557,"JÃ¸rgen Daugbjerg",31.07,31,7,2015,2016,2015,2015-07-31,"2015/2016",2015-07-31 18:00:00,"Ingen",FALSE,5,"Hverdag",18,"Aften",0,0,14.5571428571429,7.45,12.35,91.4285714285714,"Ingen regn før kamp","Tør dag","Mildt","Mellem vind","Mellem vindstød","Overskyet",2015-07-31
5,16.08,NA,"VFF - BIF","VFF","BIF","0 - 4",7.747,"Anders Poulsen",16.08,16,8,2015,2016,2015,2015-08-16,"2015/2016",2015-08-16 16:00:00,"Ingen",FALSE,7,"Weekend",16,"Eftermiddag",0,0,22.2857142857143,3.6,6.45,100,"Ingen regn før kamp","Tør dag","Varmt","Svag vind","Let vindstød","Overskyet",2015-08-16
8,12.09,NA,"VFF - FCN","VFF","FCN","0 - 1",3.254,"Kenn Hansen",12.09,12,9,2015,2016,2015,2015-09-12,"2015/2016",2015-09-12 16:00:00,"Ingen",FALSE,6,"Weekend",16,"Eftermiddag",0,0,17.7142857142857,6.2,11.05,57.8571428571429,"Ingen regn før kamp","Tør dag","Mildt","Mellem vind","Mellem vindstød","Let overskyet",2015-09-12
10,25.09,NA,"VFF - AaB","VFF","AaB","1 - 0",5.137,"Peter Rasmussen",25.09,25,9,2015,2016,2015,2015-09-25,"2015/2016",2015-09-25 20:00:00,"Ingen",FALSE,5,"Hverdag",20,"Aften",0,0.5,12.2571428571429,3.1,5.65,8.57142857142857,"Ingen regn før kamp","Lidt regn i løbet af dag","Mildt","Svag vind","Let vindstød","Solrigt",2015-09-25
12,18.1,NA,"VFF - BIF","VFF","BIF","0 - 2",5.691,"Mads Kristoffersen",18.1,18,10,2015,2016,2015,2015-10-18,"2015/2016",2015-10-18 16:00:00,"Ingen",FALSE,7,"Weekend",16,"Eftermiddag",0,0,12.4142857142857,4.1,6.95,14.2857142857143,"Ingen regn før kamp","Tør dag","Mildt","Mellem vind","Let vindstød","Solrigt",2015-10-18
13,24.1,NA,"VFF - EFB","VFF","EFB","4 - 2",3.495,"Jens Maae",24.1,24,10,2015,2016,2015,2015-10-24,"2015/2016",2015-10-24 16:00:00,"Ingen",FALSE,6,"Weekend",16,"Eftermiddag",0,0,11.2714285714286,4.1,7.45,100,"Ingen regn før kamp","Tør dag","Mildt","Mellem vind","Let vindstød","Overskyet",2015-10-24
15,8.11,NA,"VFF - OB","VFF","OB","0 - 1",3.803,"Peter KjÃ¦rsgaard",8.11,8,11,2015,2016,2015,2015-11-08,"2015/2016",2015-11-08 13:30:00,"Ingen",FALSE,7,"Weekend",13,"Eftermiddag",0,0,12.8142857142857,4.1,7.2,18.5714285714286,"Ingen regn før kamp","Tør dag","Mildt","Mellem vind","Let vindstød","Solrigt",2015-11-08
17,27.11,NA,"VFF - AGF","VFF","AGF","1 - 0",3.271,"JÃ¸rgen Daugbjerg",27.11,27,11,2015,2016,2015,2015-11-27,"2015/2016",2015-11-27 18:00:00,"Ingen",FALSE,5,"Hverdag",18,"Aften",0,1.2,8.02857142857143,6.45,11.05,100,"Ingen regn før kamp","Lidt regn i løbet af dag","Koldt","Mellem vind","Mellem vindstød","Overskyet",2015-11-27
19,28.02,NA,"VFF - FCN","VFF","FCN","1 - 1",3.162,"Michael Tykgaard",28.02,28,2,2015,2016,2016,2016-02-28,"2015/2016",2016-02-28 13:00:00,"Ingen",FALSE,7,"Weekend",13,"Eftermiddag",0,0,5.41428571428571,0.5,2.6,0,"Ingen regn før kamp","Tør dag","Koldt","Svag vind","Let vindstød","Solrigt",2016-02-28
21,12.03,NA,"VFF - SJF","VFF","SJF","0 - 0",3.167,"JÃ¸rgen Daugbjerg",12.03,12,3,2015,2016,2016,2016-03-12,"2015/2016",2016-03-12 16:00:00,"Ingen",FALSE,6,"Weekend",16,"Eftermiddag",0,0,4.44285714285714,1,3.1,0,"Ingen regn før kamp","Tør dag","Koldt","Svag vind","Let vindstød","Solrigt",2016-03-12
24,8.04,NA,"VFF - FCM","VFF","FCM","1 - 1",7.502,"Anders Poulsen",8.04,8,4,2015,2016,2016,2016-04-08,"2015/2016",2016-04-08 18:00:00,"Ingen",FALSE,5,"Hverdag",18,"Aften",0,0.7,7.9,7.2,11.55,81.4285714285714,"Ingen regn før kamp","Lidt regn i løbet af dag","Koldt","Mellem vind","Mellem vindstød","Overskyet",2016-04-08
26,24.04,NA,"VFF - FCK","VFF","FCK","1 - 1",4.437,"Michael Johansen",24.04,24,4,2015,2016,2016,2016-04-24,"2015/2016",2016-04-24 16:00:00,"Ingen",FALSE,7,"Weekend",16,"Eftermiddag",0,0.1,7.47142857142857,5.95,11.05,72.8571428571429,"Ingen regn før kamp","Lidt regn i løbet af dag","Koldt","Mellem vind","Mellem vindstød","Overskyet",2016-04-24
28,8.05,NA,"VFF - AaB","VFF","AaB","0 - 2",4.655,"Benjamin Svedborg",8.05,8,5,2015,2016,2016,2016-05-08,"2015/2016",2016-05-08 13:00:00,"Ingen",FALSE,7,"Weekend",13,"Eftermiddag",0,0,23.2857142857143,6.15,12.1,0,"Ingen regn før kamp","Tør dag","Varmt","Mellem vind","Mellem vindstød","Solrigt",2016-05-08
30,16.05,NA,"VFF - RFC","VFF","RFC","2 - 3",4.304,"Mads Kristoffersen",16.05,16,5,2015,2016,2016,2016-05-16,"2015/2016",2016-05-16 13:00:00,"2. Pinsedag",TRUE,1,"Hverdag",13,"Eftermiddag",0,0,14.2142857142857,6.45,11.3,30.7142857142857,"Ingen regn før kamp","Tør dag","Mildt","Mellem vind","Mellem vindstød","Let overskyet",2016-05-16
33,29.05,NA,"VFF - HOB","VFF","HOB","1 - 0",4.154,"Jens Maae",29.05,29,5,2015,2016,2016,2016-05-29,"2015/2016",2016-05-29 17:00:00,"Ingen",FALSE,7,"Weekend",17,"Aften",0,0,20.7857142857143,5.4,9.05,81.4285714285714,"Ingen regn før kamp","Tør dag","Varmt","Mellem vind","Mellem vindstød","Overskyet",2016-05-29
1,20.07,NA,"VFF - RFC","VFF","RFC","2 - 2",4.771,"Michael Johansen",20.07,20,7,2013,2014,2013,2013-07-20,"2013/2014",2013-07-20 17:00:00,"Ingen",FALSE,6,"Weekend",17,"Aften",0,0,26.3857142857143,5.95,9.55,10,"Ingen regn før kamp","Tør dag","Varmt","Mellem vind","Mellem vindstød","Solrigt",2013-07-20
4,9.08,NA,"VFF - BIF","VFF","BIF","2 - 2",9.047,"Lars Christoffersen",9.08,9,8,2013,2014,2013,2013-08-09,"2013/2014",2013-08-09 18:30:00,"Ingen",FALSE,5,"Hverdag",18,"Aften",0,0,20.4571428571429,4.6,8.2,NA,"Ingen regn før kamp","Tør dag","Varmt","Mellem vind","Mellem vindstød",NA,2013-08-09
6,25.08,NA,"VFF - EFB","VFF","EFB","3 - 1",5.166,"Jakob Kehlet",25.08,25,8,2013,2014,2013,2013-08-25,"2013/2014",2013-08-25 15:00:00,"Ingen",FALSE,7,"Weekend",15,"Eftermiddag",0,0,21.4428571428571,5.1,9.3,25,"Ingen regn før kamp","Tør dag","Varmt","Mellem vind","Mellem vindstød","Solrigt",2013-08-25
7,1.09,NA,"VFF - FCK","VFF","FCK","1 - 4",8.212,"Kenn Hansen",1.09,1,9,2013,2014,2013,2013-09-01,"2013/2014",2013-09-01 17:00:00,"Ingen",FALSE,7,"Weekend",17,"Aften",0.8,9.8,12.9857142857143,6.2,10.85,90,"Let regn før kamp","Våd dag","Mildt","Mellem vind","Mellem vindstød","Overskyet",2013-09-01
10,27.09,NA,"VFF - FCV","VFF","FCV","2 - 0",4.532,"Kenn Hansen",27.09,27,9,2013,2014,2013,2013-09-27,"2013/2014",2013-09-27 18:30:00,"Ingen",FALSE,5,"Hverdag",18,"Aften",0,0,12.9571428571429,3.1,5.1,NA,"Ingen regn før kamp","Tør dag","Mildt","Svag vind","Let vindstød",NA,2013-09-27
13,25.1,NA,"VFF - FCV","VFF","FCV","4 - 1",4.221,"Peter KjÃ¦rsgaard",25.1,25,10,2013,2014,2013,2013-10-25,"2013/2014",2013-10-25 18:30:00,"Ingen",FALSE,5,"Hverdag",18,"Aften",0,0,11.3857142857143,5.1,10.3,NA,"Ingen regn før kamp","Tør dag","Mildt","Mellem vind","Mellem vindstød",NA,2013-10-25
15,8.11,NA,"VFF - FCM","VFF","FCM","2 - 3",7.563,"Anders Poulsen",8.11,8,11,2013,2014,2013,2013-11-08,"2013/2014",2013-11-08 18:30:00,"Ingen",FALSE,5,"Hverdag",18,"Aften",0,1.8,6.82857142857143,2.6,4.6,NA,"Ingen regn før kamp","Lidt regn i løbet af dag","Koldt","Svag vind","Let vindstød",NA,2013-11-08
17,30.11,NA,"VFF - SJF","VFF","SJF","2 - 2",3.478,"Lars Christoffersen",30.11,30,11,2013,2014,2013,2013-11-30,"2013/2014",2013-11-30 17:00:00,"Ingen",FALSE,6,"Weekend",17,"Aften",0,0,2.78571428571429,3.1,5.15,40,"Ingen regn før kamp","Tør dag","Koldt","Svag vind","Let vindstød","Let overskyet",2013-11-30
19,23.02,NA,"VFF - RFC","VFF","RFC","1 - 1",4.546,"Kenn Hansen",23.02,23,2,2013,2014,2014,2014-02-23,"2013/2014",2014-02-23 14:00:00,"Ingen",FALSE,7,"Weekend",14,"Eftermiddag",0,0,8.34285714285714,6.95,13.4,100,"Ingen regn før kamp","Tør dag","Koldt","Mellem vind","Mellem vindstød","Overskyet",2014-02-23
21,9.03,NA,"VFF - EFB","VFF","EFB","1 - 3",3.834,"Dennis Mogensen",9.03,9,3,2013,2014,2014,2014-03-09,"2013/2014",2014-03-09 14:00:00,"Ingen",FALSE,7,"Weekend",14,"Eftermiddag",0,0,14.2857142857143,6.7,10.55,0,"Ingen regn før kamp","Tør dag","Mildt","Mellem vind","Mellem vindstød","Solrigt",2014-03-09
24,30.03,NA,"VFF - BIF","VFF","BIF","0 - 1",7.736,"Peter KjÃ¦rsgaard",30.03,30,3,2013,2014,2014,2014-03-30,"2013/2014",2014-03-30 17:00:00,"Ingen",FALSE,7,"Weekend",17,"Aften",0,0,14.1285714285714,1.5,4.35,1.42857142857143,"Ingen regn før kamp","Tør dag","Mildt","Svag vind","Let vindstød","Solrigt",2014-03-30
25,6.04,NA,"VFF - OB","VFF","OB","2 - 2",4.079,"Mads Kristoffersen",6.04,6,4,2013,2014,2014,2014-04-06,"2013/2014",2014-04-06 14:00:00,"Ingen",FALSE,7,"Weekend",14,"Eftermiddag",0,0,13.1142857142857,4.6,7.95,100,"Ingen regn før kamp","Tør dag","Mildt","Mellem vind","Let vindstød","Overskyet",2014-04-06
27,16.04,NA,"VFF - AaB","VFF","AaB","0 - 2",6.803,"Jakob Kehlet",16.04,16,4,2013,2014,2014,2014-04-16,"2013/2014",2014-04-16 20:00:00,"Ingen",FALSE,3,"Hverdag",20,"Aften",0,0,10.3142857142857,5.15,8.25,25.7142857142857,"Ingen regn før kamp","Tør dag","Mildt","Mellem vind","Mellem vindstød","Solrigt",2014-04-16
29,27.04,NA,"VFF - AGF","VFF","AGF","0 - 3",6.434,"Michael Tykgaard",27.04,27,4,2013,2014,2014,2014-04-27,"2013/2014",2014-04-27 14:00:00,"Ingen",FALSE,7,"Weekend",14,"Eftermiddag",0,0,19.2,5.15,9.8,0,"Ingen regn før kamp","Tør dag","Varmt","Mellem vind","Mellem vindstød","Solrigt",2014-04-27
31,8.05,NA,"VFF - FCK","VFF","FCK","0 - 2",4.701,"Jens Maae",8.05,8,5,2013,2014,2014,2014-05-08,"2013/2014",2014-05-08 18:00:00,"Ingen",FALSE,4,"Hverdag",18,"Aften",0,5.3,12.5428571428571,5.7,8.5,97.1428571428571,"Ingen regn før kamp","Våd dag","Mildt","Mellem vind","Mellem vindstød","Overskyet",2014-05-08
32,11.05,NA,"VFF - FCN","VFF","FCN","1 - 3",4.728,"Jakob Kehlet",11.05,11,5,2013,2014,2014,2014-05-11,"2013/2014",2014-05-11 17:00:00,"Ingen",FALSE,7,"Weekend",17,"Aften",2.8,8.3,11.1285714285714,3.35,7.2,100,"Let regn før kamp","Våd dag","Mildt","Svag vind","Let vindstød","Overskyet",2014-05-11
2,22.07,NA,"VFF - EFB","VFF","EFB","0 - 5",3.164,"Henning Jensen",22.07,22,7,2007,2008,2007,2007-07-22,"2007/2008",2007-07-22 14:00:00,"Ingen",FALSE,7,"Weekend",14,"Eftermiddag",0,0,18.0428571428571,2.05,4.05,91.4285714285714,"Ingen regn før kamp","Tør dag","Varmt","Svag vind","Let vindstød","Overskyet",2007-07-22
5,13.08,NA,"VFF - BIF","VFF","BIF","1 - 1",6.984,"Peter Rasmussen",13.08,13,8,2007,2008,2007,2007-08-13,"2007/2008",2007-08-13 19:00:00,"Ingen",FALSE,1,"Hverdag",19,"Aften",0,2.4,19.1714285714286,6.2,10.3,7.14285714285714,"Ingen regn før kamp","Lidt regn i løbet af dag","Varmt","Mellem vind","Mellem vindstød","Solrigt",2007-08-13
6,19.08,NA,"VFF - ACH","VFF","ACH","2 - 1",4.259,"Thomas Vejlgaard",19.08,19,8,2007,2008,2007,2007-08-19,"2007/2008",2007-08-19 16:00:00,"Ingen",FALSE,7,"Weekend",16,"Eftermiddag",0,0,21.7285714285714,4.1,9.2,90,"Ingen regn før kamp","Tør dag","Varmt","Mellem vind","Mellem vindstød","Overskyet",2007-08-19
8,1.09,NA,"VFF - AGF","VFF","AGF","2 - 0",4.563,"Emil Laursen",1.09,1,9,2007,2008,2007,2007-09-01,"2007/2008",2007-09-01 17:00:00,"Ingen",FALSE,6,"Weekend",17,"Aften",0,0,15.4428571428571,6.2,11.35,87.8571428571429,"Ingen regn før kamp","Tør dag","Mildt","Mellem vind","Mellem vindstød","Overskyet",2007-09-01
9,16.09,NA,"VFF - LBK","VFF","LBK","2 - 1",4.438,"Henrik Kragh",16.09,16,9,2007,2008,2007,2007-09-16,"2007/2008",2007-09-16 16:00:00,"Ingen",FALSE,7,"Weekend",16,"Eftermiddag",0,0,17.4428571428571,8.2,16.2,75.7142857142857,"Ingen regn før kamp","Tør dag","Mildt","Mellem vind","Kraftige vindstød","Overskyet",2007-09-16
12,6.1,NA,"VFF - BIF","VFF","BIF","1 - 2",6.655,"Claus Bo Larsen",6.1,6,10,2007,2008,2007,2007-10-06,"2007/2008",2007-10-06 17:00:00,"Ingen",FALSE,6,"Weekend",17,"Aften",0,0,14.1714285714286,0.5,0.8,11.4285714285714,"Ingen regn før kamp","Tør dag","Mildt","Svag vind","Let vindstød","Solrigt",2007-10-06
15,5.11,NA,"VFF - OB","VFF","OB","0 - 2",3.059,"Michael Johansen",5.11,5,11,2007,2008,2007,2007-11-05,"2007/2008",2007-11-05 19:00:00,"Ingen",FALSE,1,"Hverdag",19,"Aften",0.8,2.2,8.84285714285714,5.1,10,91.4285714285714,"Let regn før kamp","Lidt regn i løbet af dag","Koldt","Mellem vind","Mellem vindstød","Overskyet",2007-11-05
16,12.11,NA,"VFF - AGF","VFF","AGF","0 - 2",4.61,"Henrik Kragh",12.11,12,11,2007,2008,2007,2007-11-12,"2007/2008",2007-11-12 19:00:00,"Ingen",FALSE,1,"Hverdag",19,"Aften",0,0,-0.685714285714286,2.1,2.7,1.42857142857143,"Ingen regn før kamp","Tør dag","Koldt","Svag vind","Let vindstød","Solrigt",2007-11-12
19,16.03,NA,"VFF - EFB","VFF","EFB","0 - 4",4.472,"Claus Bo Larsen",16.03,16,3,2007,2008,2008,2008-03-16,"2007/2008",2008-03-16 16:00:00,"Ingen",FALSE,7,"Weekend",16,"Eftermiddag",0,0,5.47142857142857,0.75,3.1,97.1428571428571,"Ingen regn før kamp","Tør dag","Koldt","Svag vind","Let vindstød","Overskyet",2008-03-16
20,20.03,NA,"VFF - FCN","VFF","FCN","2 - 3",2.952,"Jesper Overgaard",20.03,20,3,2007,2008,2008,2008-03-20,"2007/2008",2008-03-20 16:00:00,"Skærtorsdag",TRUE,4,"Hverdag",16,"Eftermiddag",0.4,0.6,2.32857142857143,5.1,9.3,94.2857142857143,"Let regn før kamp","Lidt regn i løbet af dag","Koldt","Mellem vind","Mellem vindstød","Overskyet",2008-03-20
22,31.03,NA,"VFF - FCK","VFF","FCK","2 - 3",5.314,"Anders Hermansen",31.03,31,3,2007,2008,2008,2008-03-31,"2007/2008",2008-03-31 19:00:00,"Ingen",FALSE,1,"Hverdag",19,"Aften",0,0.4,8.85714285714286,2.05,3.35,92.8571428571429,"Ingen regn før kamp","Lidt regn i løbet af dag","Koldt","Svag vind","Let vindstød","Overskyet",2008-03-31
24,14.04,NA,"VFF - ACH","VFF","ACH","1 - 3",3.671,"Emil Laursen",14.04,14,4,2007,2008,2008,2008-04-14,"2007/2008",2008-04-14 19:00:00,"Ingen",FALSE,1,"Hverdag",19,"Aften",0,0,8.26666666666667,5.1,8.2,20,"Ingen regn før kamp","Tør dag","Koldt","Mellem vind","Mellem vindstød","Solrigt",2008-04-14
25,20.04,NA,"VFF - FCM","VFF","FCM","1 - 1",4.742,"Michael Johansen",20.04,20,4,2007,2008,2008,2008-04-20,"2007/2008",2008-04-20 16:00:00,"Ingen",FALSE,7,"Weekend",16,"Eftermiddag",0,0,13.9,3.1,6.7,2.85714285714286,"Ingen regn før kamp","Tør dag","Mildt","Svag vind","Let vindstød","Solrigt",2008-04-20
28,4.05,NA,"VFF - AaB","VFF","AaB","0 - 1",5.757,"Michael Svendsen",4.05,4,5,2007,2008,2008,2008-05-04,"2007/2008",2008-05-04 18:00:00,"Ingen",FALSE,7,"Weekend",18,"Aften",0,0,17.9857142857143,0.75,7.2,13.5714285714286,"Ingen regn før kamp","Tør dag","Mildt","Svag vind","Let vindstød","Solrigt",2008-05-04
30,12.05,NA,"VFF - LBK","VFF","LBK","3 - 2",3.021,"Jesper Overgaard",12.05,12,5,2007,2008,2008,2008-05-12,"2007/2008",2008-05-12 16:00:00,"2. Pinsedag",TRUE,1,"Hverdag",16,"Eftermiddag",0,0,18.4571428571429,4.85,9.3,0,"Ingen regn før kamp","Tør dag","Varmt","Mellem vind","Mellem vindstød","Solrigt",2008-05-12
32,18.05,NA,"VFF - RFC","VFF","RFC","0 - 1",3.001,"Michael Svendsen",18.05,18,5,2007,2008,2008,2008-05-18,"2007/2008",2008-05-18 15:00:00,"Ingen",FALSE,7,"Weekend",15,"Eftermiddag",0,0,11.6,3.35,7.45,28.5714285714286,"Ingen regn før kamp","Tør dag","Mildt","Svag vind","Let vindstød","Solrigt",2008-05-18
2,23.07,NA,"VFF - FCM","VFF","FCM","0 - 1",4.029,"Claus Bo Larsen",23.07,23,7,2006,2007,2006,2006-07-23,"2006/2007",2006-07-23 15:00:00,"Ingen",FALSE,7,"Weekend",15,"Eftermiddag",0.2,3,18.9285714285714,1.8,3.25,91.4285714285714,"Let regn før kamp","Lidt regn i løbet af dag","Varmt","Svag vind","Let vindstød","Overskyet",2006-07-23
4,5.08,NA,"VFF - FCK","VFF","FCK","1 - 3",5.102,"Michael Svendsen",5.08,5,8,2006,2007,2006,2006-08-05,"2006/2007",2006-08-05 17:00:00,"Ingen",FALSE,6,"Weekend",17,"Aften",0,0,25.6428571428571,5.65,10.55,8.57142857142857,"Ingen regn før kamp","Tør dag","Varmt","Mellem vind","Mellem vindstød","Solrigt",2006-08-05
5,13.08,NA,"VFF - SIF","VFF","SIF","2 - 3",3.851,"Henrik Priegel",13.08,13,8,2006,2007,2006,2006-08-13,"2006/2007",2006-08-13 15:00:00,"Ingen",FALSE,7,"Weekend",15,"Eftermiddag",0,0,19.4142857142857,4.65,8.65,85.7142857142857,"Ingen regn før kamp","Tør dag","Varmt","Mellem vind","Mellem vindstød","Overskyet",2006-08-13
7,27.08,NA,"VFF - VB","VFF","VB","1 - 0",4.132,"Peter Rasmussen",27.08,27,8,2006,2007,2006,2006-08-27,"2006/2007",2006-08-27 15:00:00,"Ingen",FALSE,7,"Weekend",15,"Eftermiddag",0.8,0.8,17.4857142857143,4.85,8.95,90,"Let regn før kamp","Lidt regn i løbet af dag","Mildt","Mellem vind","Mellem vindstød","Overskyet",2006-08-27
9,17.09,NA,"VFF - RFC","VFF","RFC","3 - 2",5.765,"Emil Laursen",17.09,17,9,2006,2007,2006,2006-09-17,"2006/2007",2006-09-17 15:00:00,"Ingen",FALSE,7,"Weekend",15,"Eftermiddag",0,0,20.9571428571429,5.1,9.7,87.8571428571429,"Ingen regn før kamp","Tør dag","Varmt","Mellem vind","Mellem vindstød","Overskyet",2006-09-17
11,1.1,NA,"VFF - EFB","VFF","EFB","0 - 4",3.549,"Lars Christoffersen",1.1,1,10,2006,2007,2006,2006-10-01,"2006/2007",2006-10-01 15:00:00,"Ingen",FALSE,7,"Weekend",15,"Eftermiddag",0,0.2,19.3,4.6,8.7,30,"Ingen regn før kamp","Lidt regn i løbet af dag","Varmt","Mellem vind","Mellem vindstød","Let overskyet",2006-10-01
12,15.1,NA,"VFF - VB","VFF","VB","2 - 1",4.37,"Claus Bo Larsen",15.1,15,10,2006,2007,2006,2006-10-15,"2006/2007",2006-10-15 15:00:00,"Ingen",FALSE,7,"Weekend",15,"Eftermiddag",0,0,13.9571428571429,0.5,2.7,3.57142857142857,"Ingen regn før kamp","Tør dag","Mildt","Svag vind","Let vindstød","Solrigt",2006-10-15
15,29.1,NA,"VFF - RFC","VFF","RFC","1 - 1",4.818,"Peter Rasmussen",29.1,29,10,2006,2007,2006,2006-10-29,"2006/2007",2006-10-29 15:00:00,"Ingen",FALSE,7,"Weekend",15,"Eftermiddag",0,0,7.65714285714286,2.8,5.7,98.5714285714286,"Ingen regn før kamp","Tør dag","Koldt","Svag vind","Let vindstød","Overskyet",2006-10-29
16,5.11,NA,"VFF - ACH","VFF","ACH","1 - 0",3.394,"Henrik Priegel",5.11,5,11,2006,2007,2006,2006-11-05,"2006/2007",2006-11-05 15:00:00,"Ingen",FALSE,7,"Weekend",15,"Eftermiddag",0,1.8,11.1142857142857,9.55,16.2,94.2857142857143,"Ingen regn før kamp","Lidt regn i løbet af dag","Mildt","Kraftig vind","Kraftige vindstød","Overskyet",2006-11-05
18,19.11,NA,"VFF - EFB","VFF","EFB","1 - 1",4.028,"Jesper Overgaard",19.11,19,11,2006,2007,2006,2006-11-19,"2006/2007",2006-11-19 15:00:00,"Ingen",FALSE,7,"Weekend",15,"Eftermiddag",0,0.2,6.81428571428571,3.1,6.25,17.1428571428571,"Ingen regn før kamp","Lidt regn i løbet af dag","Koldt","Svag vind","Let vindstød","Solrigt",2006-11-19
20,18.03,NA,"VFF - BIF","VFF","BIF","1 - 1",5.863,"Lars Christoffersen",18.03,18,3,2006,2007,2007,2007-03-18,"2006/2007",2007-03-18 18:00:00,"Ingen",FALSE,7,"Weekend",18,"Aften",0.2,2.8,3.84285714285714,14.4,29.25,90,"Let regn før kamp","Lidt regn i løbet af dag","Koldt","Kraftig vind","Kraftige vindstød","Overskyet",2007-03-18
22,5.04,NA,"VFF - OB","VFF","OB","0 - 2",4.012,"Henrik Priegel",5.04,5,4,2006,2007,2007,2007-04-05,"2006/2007",2007-04-05 15:00:00,"Skærtorsdag",TRUE,4,"Hverdag",15,"Eftermiddag",0,0,10.5857142857143,12.1,19.75,35.7142857142857,"Ingen regn før kamp","Tør dag","Mildt","Kraftig vind","Kraftige vindstød","Let overskyet",2007-04-05
24,15.04,NA,"VFF - SIF","VFF","SIF","2 - 1",4.701,"Jesper Overgaard",15.04,15,4,2006,2007,2007,2007-04-15,"2006/2007",2007-04-15 15:00:00,"Ingen",FALSE,7,"Weekend",15,"Eftermiddag",0,0,21.9,4.35,8.7,15.7142857142857,"Ingen regn før kamp","Tør dag","Varmt","Mellem vind","Mellem vindstød","Solrigt",2007-04-15
26,22.04,NA,"VFF - AaB","VFF","AaB","0 - 2",4.768,"Anders Hermansen",22.04,22,4,2006,2007,2007,2007-04-22,"2006/2007",2007-04-22 15:00:00,"Ingen",FALSE,7,"Weekend",15,"Eftermiddag",0,0.4,14.2,5.65,10.8,90,"Ingen regn før kamp","Lidt regn i løbet af dag","Mildt","Mellem vind","Mellem vindstød","Overskyet",2007-04-22
29,9.05,NA,"VFF - FCM","VFF","FCM","0 - 1",3.681,"Emil Laursen",9.05,9,5,2006,2007,2007,2007-05-09,"2006/2007",2007-05-09 19:00:00,"Ingen",FALSE,3,"Hverdag",19,"Aften",0,0,8.81428571428571,8.5,14.35,77.1428571428571,"Ingen regn før kamp","Tør dag","Koldt","Mellem vind","Mellem vindstød","Overskyet",2007-05-09
31,20.05,NA,"VFF - FCK","VFF","FCK","0 - 1",5.039,"Thomas Vejlgaard",20.05,20,5,2006,2007,2007,2007-05-20,"2006/2007",2007-05-20 18:00:00,"Ingen",FALSE,7,"Weekend",18,"Aften",0,0,18.5571428571429,2.85,7.05,3.57142857142857,"Ingen regn før kamp","Tør dag","Varmt","Svag vind","Let vindstød","Solrigt",2007-05-20
33,27.05,NA,"VFF - FCN","VFF","FCN","1 - 2",4.855,"Emil Laursen",27.05,27,5,2006,2007,2007,2007-05-27,"2006/2007",2007-05-27 17:00:00,"Pinsedag",TRUE,7,"Weekend",17,"Aften",0,1,10.7285714285714,6.7,11.65,98.5714285714286,"Ingen regn før kamp","Lidt regn i løbet af dag","Mildt","Mellem vind","Mellem vindstød","Overskyet",2007-05-27
2,24.07,NA,"VFF - FCN","VFF","FCN","3 - 1",2.88,"Henrik Kragh",24.07,24,7,2005,2006,2005,2005-07-24,"2005/2006",2005-07-24 15:00:00,"Ingen",FALSE,7,"Weekend",15,"Eftermiddag",0,0,15.3857142857143,6.45,10.3,98.5714285714286,"Ingen regn før kamp","Tør dag","Mildt","Mellem vind","Mellem vindstød","Overskyet",2005-07-24
4,7.08,NA,"VFF - SJF","VFF","SJF","3 - 1",4.227,"RenÃ© Christensen",7.08,7,8,2005,2006,2005,2005-08-07,"2005/2006",2005-08-07 15:00:00,"Ingen",FALSE,7,"Weekend",15,"Eftermiddag",0,0.6,17.2714285714286,4.85,9.45,40,"Ingen regn før kamp","Lidt regn i løbet af dag","Mildt","Mellem vind","Mellem vindstød","Let overskyet",2005-08-07
7,27.08,NA,"VFF - OB","VFF","OB","1 - 2",3.318,"Knud Erik Fisker",27.08,27,8,2005,2006,2005,2005-08-27,"2005/2006",2005-08-27 17:00:00,"Ingen",FALSE,6,"Weekend",17,"Aften",1.8,2.6,15.1,5.4,11.9,80.7142857142857,"Let regn før kamp","Lidt regn i løbet af dag","Mildt","Mellem vind","Mellem vindstød","Overskyet",2005-08-27
9,18.09,NA,"VFF - BIF","VFF","BIF","3 - 1",8.585,"Knud Stadsgaard",18.09,18,9,2005,2006,2005,2005-09-18,"2005/2006",2005-09-18 17:00:00,"Ingen",FALSE,7,"Weekend",17,"Aften",0,0.8,15.2285714285714,6.2,13.25,85.7142857142857,"Ingen regn før kamp","Lidt regn i løbet af dag","Mildt","Mellem vind","Mellem vindstød","Overskyet",2005-09-18
11,25.09,NA,"VFF - AaB","VFF","AaB","2 - 0",6.832,"Michael Svendsen",25.09,25,9,2005,2006,2005,2005-09-25,"2005/2006",2005-09-25 15:00:00,"Ingen",FALSE,7,"Weekend",15,"Eftermiddag",0,0,19.0714285714286,4.1,8.1,54.2857142857143,"Ingen regn før kamp","Tør dag","Varmt","Mellem vind","Mellem vindstød","Let overskyet",2005-09-25
12,2.1,NA,"VFF - SJF","VFF","SJF","1 - 1",4.607,"Anders Hermansen",2.1,2,10,2005,2006,2005,2005-10-02,"2005/2006",2005-10-02 15:00:00,"Ingen",FALSE,7,"Weekend",15,"Eftermiddag",0,0.2,14.6571428571429,2.85,5.95,65.7142857142857,"Ingen regn før kamp","Lidt regn i løbet af dag","Mildt","Svag vind","Let vindstød","Let overskyet",2005-10-02
14,23.1,NA,"VFF - EFB","VFF","EFB","1 - 0",4.276,"Peter Rasmussen",23.1,23,10,2005,2006,2005,2005-10-23,"2005/2006",2005-10-23 15:00:00,"Ingen",FALSE,7,"Weekend",15,"Eftermiddag",0,0,10.1571428571429,6.2,14.05,32.8571428571429,"Ingen regn før kamp","Tør dag","Mildt","Mellem vind","Mellem vindstød","Let overskyet",2005-10-23
16,29.1,NA,"VFF - AaB","VFF","AaB","2 - 0",4.154,"Lars Christoffersen",29.1,29,10,2005,2006,2005,2005-10-29,"2005/2006",2005-10-29 17:00:00,"Ingen",FALSE,6,"Weekend",17,"Aften",0,0,13.8857142857143,1.55,3.25,98.5714285714286,"Ingen regn før kamp","Tør dag","Mildt","Svag vind","Let vindstød","Overskyet",2005-10-29
19,27.11,NA,"VFF - FCN","VFF","FCN","4 - 1",3.437,"Michael Svendsen",27.11,27,11,2005,2006,2005,2005-11-27,"2005/2006",2005-11-27 15:00:00,"Ingen",FALSE,7,"Weekend",15,"Eftermiddag",0,0,1.38571428571429,2.6,4.3,18.5714285714286,"Ingen regn før kamp","Tør dag","Koldt","Svag vind","Let vindstød","Solrigt",2005-11-27
21,12.03,NA,"VFF - SIF","VFF","SIF","2 - 3",4.027,"Thomas Vejlgaard",12.03,12,3,2005,2006,2006,2006-03-12,"2005/2006",2006-03-12 15:00:00,"Ingen",FALSE,7,"Weekend",15,"Eftermiddag",0,0,0.542857142857143,3.6,7,22.8571428571429,"Ingen regn før kamp","Tør dag","Koldt","Svag vind","Let vindstød","Solrigt",2006-03-12
23,26.03,NA,"VFF - ACH","VFF","ACH","1 - 1",3.115,"Henning Jensen",26.03,26,3,2005,2006,2006,2006-03-26,"2005/2006",2006-03-26 15:00:00,"Ingen",FALSE,7,"Weekend",15,"Eftermiddag",0.6,7.8,2.98571428571429,5.15,10.55,91.4285714285714,"Let regn før kamp","Våd dag","Koldt","Mellem vind","Mellem vindstød","Overskyet",2006-03-26
25,2.04,NA,"VFF - BIF","VFF","BIF","2 - 0",7.391,"Knud Erik Fisker",2.04,2,4,2005,2006,2006,2006-04-02,"2005/2006",2006-04-02 17:30:00,"Ingen",FALSE,7,"Weekend",17,"Aften",0,0,9.34285714285714,5.1,9.2,90,"Ingen regn før kamp","Tør dag","Koldt","Mellem vind","Mellem vindstød","Overskyet",2006-04-02
26,9.04,NA,"VFF - OB","VFF","OB","2 - 2",5.027,"Michael Svendsen",9.04,9,4,2005,2006,2006,2006-04-09,"2005/2006",2006-04-09 15:00:00,"Ingen",FALSE,7,"Weekend",15,"Eftermiddag",0,4,4.95714285714286,10.3,17.05,81.4285714285714,"Ingen regn før kamp","Lidt regn i løbet af dag","Koldt","Kraftig vind","Kraftige vindstød","Overskyet",2006-04-09
28,17.04,NA,"VFF - AGF","VFF","AGF","2 - 2",4.866,"Emil Laursen",17.04,17,4,2005,2006,2006,2006-04-17,"2005/2006",2006-04-17 15:00:00,"2. Påskedag",TRUE,1,"Hverdag",15,"Eftermiddag",0.4,2.8,6.98571428571429,7.7,13,90,"Let regn før kamp","Lidt regn i løbet af dag","Koldt","Mellem vind","Mellem vindstød","Overskyet",2006-04-17
31,4.05,NA,"VFF - FCK","VFF","FCK","0 - 1",9.353,"Kim Milton Nielsen",4.05,4,5,2005,2006,2006,2006-05-04,"2005/2006",2006-05-04 19:00:00,"Ingen",FALSE,4,"Hverdag",19,"Aften",0,0,19.9714285714286,7.95,13.25,0,"Ingen regn før kamp","Tør dag","Varmt","Mellem vind","Mellem vindstød","Solrigt",2006-05-04
33,14.05,NA,"VFF - FCM","VFF","FCM","1 - 1",6.159,"Anders Hermansen",14.05,14,5,2005,2006,2006,2006-05-14,"2005/2006",2006-05-14 15:00:00,"Ingen",FALSE,7,"Weekend",15,"Eftermiddag",0,0,11,8.8,14.35,41.4285714285714,"Ingen regn før kamp","Tør dag","Mildt","Mellem vind","Mellem vindstød","Let overskyet",2006-05-14
3,7.08,NA,"VFF - FCK","VFF","FCK","3 - 2",4.247,"Knud Stadsgaard",7.08,7,8,2004,2005,2004,2004-08-07,"2004/2005",2004-08-07 17:00:00,"Ingen",FALSE,6,"Weekend",17,"Aften",0,0,28.6428571428571,6.2,11.1,7.14285714285714,"Ingen regn før kamp","Tør dag","Varmt","Mellem vind","Mellem vindstød","Solrigt",2004-08-07
6,29.08,NA,"VFF - FCN","VFF","FCN","0 - 1",3.441,"Michael Svendsen",29.08,29,8,2004,2005,2004,2004-08-29,"2004/2005",2004-08-29 15:00:00,"Ingen",FALSE,7,"Weekend",15,"Eftermiddag",0,0,17.6142857142857,5.4,10,94.2857142857143,"Ingen regn før kamp","Tør dag","Mildt","Mellem vind","Mellem vindstød","Overskyet",2004-08-29
8,19.09,NA,"VFF - RFC","VFF","RFC","0 - 1",5.417,"RenÃ© Christensen",19.09,19,9,2004,2005,2004,2004-09-19,"2004/2005",2004-09-19 15:00:00,"Ingen",FALSE,7,"Weekend",15,"Eftermiddag",0,1.4,15.3,5.65,11.65,43.5714285714286,"Ingen regn før kamp","Lidt regn i løbet af dag","Mildt","Mellem vind","Mellem vindstød","Let overskyet",2004-09-19
10,26.09,NA,"VFF - EFB","VFF","EFB","2 - 0",4.307,"Johnny RÃ¸n",26.09,26,9,2004,2005,2004,2004-09-26,"2004/2005",2004-09-26 15:00:00,"Ingen",FALSE,7,"Weekend",15,"Eftermiddag",0,0,14.7571428571429,5.95,10.25,60,"Ingen regn før kamp","Tør dag","Mildt","Mellem vind","Mellem vindstød","Let overskyet",2004-09-26
12,17.1,NA,"VFF - FCM","VFF","FCM","2 - 1",6.643,"Peter Rasmussen",17.1,17,10,2004,2005,2004,2004-10-17,"2004/2005",2004-10-17 15:00:00,"Ingen",FALSE,7,"Weekend",15,"Eftermiddag",1.2,6,8.82857142857143,4.35,8.4,94.2857142857143,"Let regn før kamp","Våd dag","Koldt","Mellem vind","Mellem vindstød","Overskyet",2004-10-17
14,31.1,NA,"VFF - OB","VFF","OB","1 - 0",5.511,"Michael Svendsen",31.1,31,10,2004,2005,2004,2004-10-31,"2004/2005",2004-10-31 15:00:00,"Ingen",FALSE,7,"Weekend",15,"Eftermiddag",0,0,10.0714285714286,3.6,7.3,4.28571428571429,"Ingen regn før kamp","Tør dag","Mildt","Svag vind","Let vindstød","Solrigt",2004-10-31
5,3.11,NA,"VFF - SIF","VFF","SIF","1 - 1",4.709,"Emil Laursen",3.11,3,11,2004,2005,2004,2004-11-03,"2004/2005",2004-11-03 18:30:00,"Ingen",FALSE,3,"Hverdag",18,"Aften",0,0.4,9.07142857142857,3.1,6,85.7142857142857,"Ingen regn før kamp","Lidt regn i løbet af dag","Koldt","Svag vind","Let vindstød","Overskyet",2004-11-03
16,13.11,NA,"VFF - SIF","VFF","SIF","1 - 1",3.683,"Knud Erik Fisker",13.11,13,11,2004,2005,2004,2004-11-13,"2004/2005",2004-11-13 17:00:00,"Ingen",FALSE,6,"Weekend",17,"Aften",0,0,2.98571428571429,4.35,8.4,3.57142857142857,"Ingen regn før kamp","Tør dag","Koldt","Mellem vind","Mellem vindstød","Solrigt",2004-11-13
19,12.03,NA,"VFF - AGF","VFF","AGF","2 - 1",5.608,"Thomas Vejlgaard",12.03,12,3,2004,2005,2005,2005-03-12,"2004/2005",2005-03-12 17:00:00,"Ingen",FALSE,6,"Weekend",17,"Aften",0,0.2,-1.72857142857143,5.7,9.5,30,"Ingen regn før kamp","Lidt regn i løbet af dag","Koldt","Mellem vind","Mellem vindstød","Let overskyet",2005-03-12
21,3.04,NA,"VFF - AaB","VFF","AaB","2 - 1",6.334,"RenÃ© Christensen",3.04,3,4,2004,2005,2005,2005-04-03,"2004/2005",2005-04-03 15:00:00,"Ingen",FALSE,7,"Weekend",15,"Eftermiddag",0,0,17.6,6.2,11.65,1.42857142857143,"Ingen regn før kamp","Tør dag","Mildt","Mellem vind","Mellem vindstød","Solrigt",2005-04-03
23,16.04,NA,"VFF - BIF","VFF","BIF","0 - 2",9.215,"Peter Rasmussen",16.04,16,4,2004,2005,2005,2005-04-16,"2004/2005",2005-04-16 15:00:00,"Ingen",FALSE,6,"Weekend",15,"Eftermiddag",0,0,15.6571428571429,7.7,13.25,27.1428571428571,"Ingen regn før kamp","Tør dag","Mildt","Mellem vind","Mellem vindstød","Solrigt",2005-04-16
25,1.05,NA,"VFF - FCK","VFF","FCK","0 - 2",6.571,"Claus Bo Larsen",1.05,1,5,2004,2005,2005,2005-05-01,"2004/2005",2005-05-01 17:30:00,"Ingen",FALSE,7,"Weekend",17,"Aften",0,0,13.2142857142857,4.1,7,91.4285714285714,"Ingen regn før kamp","Tør dag","Mildt","Mellem vind","Let vindstød","Overskyet",2005-05-01
27,16.05,NA,"VFF - EFB","VFF","EFB","2 - 2",4.742,"Knud Stadsgaard",16.05,16,5,2004,2005,2005,2005-05-16,"2004/2005",2005-05-16 15:00:00,"2. Pinsedag",TRUE,1,"Hverdag",15,"Eftermiddag",0,0.4,8.91428571428571,11.3,17.9,60.7142857142857,"Ingen regn før kamp","Lidt regn i løbet af dag","Koldt","Kraftig vind","Kraftige vindstød","Let overskyet",2005-05-16
29,22.05,NA,"VFF - HER","VFF","HER","2 - 1",4.032,"Emil Laursen",22.05,22,5,2004,2005,2005,2005-05-22,"2004/2005",2005-05-22 15:00:00,"Ingen",FALSE,7,"Weekend",15,"Eftermiddag",0,0,19.2142857142857,5.4,11.1,45.7142857142857,"Ingen regn før kamp","Tør dag","Varmt","Mellem vind","Mellem vindstød","Let overskyet",2005-05-22
31,12.06,NA,"VFF - FCN","VFF","FCN","1 - 2",4.38,"Knud Erik Fisker",12.06,12,6,2004,2005,2005,2005-06-12,"2004/2005",2005-06-12 15:00:00,"Ingen",FALSE,7,"Weekend",15,"Eftermiddag",0,0,12.5857142857143,6.95,10.85,90,"Ingen regn før kamp","Tør dag","Mildt","Mellem vind","Mellem vindstød","Overskyet",2005-06-12
32,15.06,NA,"VFF - RFC","VFF","RFC","2 - 1",3.285,"RenÃ© Christensen",15.06,15,6,2004,2005,2005,2005-06-15,"2004/2005",2005-06-15 19:00:00,"Ingen",FALSE,3,"Hverdag",19,"Aften",0,0,21.3571428571429,5.15,10.3,0,"Ingen regn før kamp","Tør dag","Varmt","Mellem vind","Mellem vindstød","Solrigt",2005-06-15
2,3.08,NA,"VFF - EFB","VFF","EFB","1 - 1",3.352,"Johnny RÃ¸n",3.08,3,8,2003,2004,2003,2003-08-03,"2003/2004",2003-08-03 15:00:00,"Ingen",FALSE,7,"Weekend",15,"Eftermiddag",0,0,21.0714285714286,3.35,NA,75,"Ingen regn før kamp","Tør dag","Varmt","Svag vind",NA,"Overskyet",2003-08-03
4,17.08,NA,"VFF - BIF","VFF","BIF","2 - 2",6.213,"Thomas Vejlgaard",17.08,17,8,2003,2004,2003,2003-08-17,"2003/2004",2003-08-17 15:00:00,"Ingen",FALSE,7,"Weekend",15,"Eftermiddag",0,0,21.5142857142857,2.35,NA,40,"Ingen regn før kamp","Tør dag","Varmt","Svag vind",NA,"Let overskyet",2003-08-17
5,24.08,NA,"VFF - AGF","VFF","AGF","1 - 0",6.614,"Knud Erik Fisker",24.08,24,8,2003,2004,2003,2003-08-24,"2003/2004",2003-08-24 15:00:00,"Ingen",FALSE,7,"Weekend",15,"Eftermiddag",0,0,23.2285714285714,2.35,NA,25,"Ingen regn før kamp","Tør dag","Varmt","Svag vind",NA,"Solrigt",2003-08-24
8,17.09,NA,"VFF - FCK","VFF","FCK","2 - 2",5.705,"Michael Svendsen",17.09,17,9,2003,2004,2003,2003-09-17,"2003/2004",2003-09-17 18:30:00,"Ingen",FALSE,3,"Hverdag",18,"Aften",0,0,19.9142857142857,4.1,7.6,NA,"Ingen regn før kamp","Tør dag","Varmt","Mellem vind","Let vindstød",NA,2003-09-17
11,5.1,NA,"VFF - AaB","VFF","AaB","2 - 3",5.349,"Kim Milton Nielsen",5.1,5,10,2003,2004,2003,2003-10-05,"2003/2004",2003-10-05 15:00:00,"Ingen",FALSE,7,"Weekend",15,"Eftermiddag",0,0,10.9714285714286,6.45,11.35,60,"Ingen regn før kamp","Tør dag","Mildt","Mellem vind","Mellem vindstød","Let overskyet",2003-10-05
12,19.1,NA,"VFF - EFB","VFF","EFB","1 - 2",3.204,"Peter Rasmussen",19.1,19,10,2003,2004,2003,2003-10-19,"2003/2004",2003-10-19 15:00:00,"Ingen",FALSE,7,"Weekend",15,"Eftermiddag",1.4,4.4,5.65714285714286,4.85,7.85,100,"Let regn før kamp","Lidt regn i løbet af dag","Koldt","Mellem vind","Let vindstød","Overskyet",2003-10-19
14,26.1,NA,"VFF - AGF","VFF","AGF","4 - 0",4.31,"Claus Bo Larsen",26.1,26,10,2003,2004,2003,2003-10-26,"2003/2004",2003-10-26 15:00:00,"Ingen",FALSE,7,"Weekend",15,"Eftermiddag",0,0,4.42857142857143,3.35,6,0,"Ingen regn før kamp","Tør dag","Koldt","Svag vind","Let vindstød","Solrigt",2003-10-26
17,9.11,NA,"VFF - BKF","VFF","BKF","0 - 0",3.092,"Knud Erik Fisker",9.11,9,11,2003,2004,2003,2003-11-09,"2003/2004",2003-11-09 15:00:00,"Ingen",FALSE,7,"Weekend",15,"Eftermiddag",0,0,7.25714285714286,5.95,11.4,95.7142857142857,"Ingen regn før kamp","Tør dag","Koldt","Mellem vind","Mellem vindstød","Overskyet",2003-11-09
19,30.11,NA,"VFF - FCK","VFF","FCK","0 - 2",4.98,"Emil Laursen",30.11,30,11,2003,2004,2003,2003-11-30,"2003/2004",2003-11-30 15:00:00,"Ingen",FALSE,7,"Weekend",15,"Eftermiddag",1,1.2,6.92857142857143,3.1,8.4,90,"Let regn før kamp","Lidt regn i løbet af dag","Koldt","Svag vind","Mellem vindstød","Overskyet",2003-11-30
21,14.03,NA,"VFF - FCN","VFF","FCN","0 - 0",2.933,"Peter Rasmussen",14.03,14,3,2003,2004,2004,2004-03-14,"2003/2004",2004-03-14 15:00:00,"Ingen",FALSE,7,"Weekend",15,"Eftermiddag",0.4,0.6,6.97142857142857,6.7,12.75,91.4285714285714,"Let regn før kamp","Lidt regn i løbet af dag","Koldt","Mellem vind","Mellem vindstød","Overskyet",2004-03-14
24,4.04,NA,"VFF - FCM","VFF","FCM","1 - 1",4.419,"Tonny K. Poulsen",4.04,4,4,2003,2004,2004,2004-04-04,"2003/2004",2004-04-04 15:00:00,"Ingen",FALSE,7,"Weekend",15,"Eftermiddag",0,6,7.77142857142857,8.2,16.25,94.2857142857143,"Ingen regn før kamp","Våd dag","Koldt","Mellem vind","Kraftige vindstød","Overskyet",2004-04-04
26,18.04,NA,"VFF - HER","VFF","HER","2 - 0",3.371,"Knud Erik Fisker",18.04,18,4,2003,2004,2004,2004-04-18,"2003/2004",2004-04-18 15:00:00,"Ingen",FALSE,7,"Weekend",15,"Eftermiddag",0,0,13.4714285714286,6.7,12.7,78.5714285714286,"Ingen regn før kamp","Tør dag","Mildt","Mellem vind","Mellem vindstød","Overskyet",2004-04-18
27,24.04,NA,"VFF - BIF","VFF","BIF","3 - 2",7.873,"Steen Knudsen",24.04,24,4,2003,2004,2004,2004-04-24,"2003/2004",2004-04-24 17:00:00,"Ingen",FALSE,6,"Weekend",17,"Aften",0,0,15.2,2.1,5.45,14.2857142857143,"Ingen regn før kamp","Tør dag","Mildt","Svag vind","Let vindstød","Solrigt",2004-04-24
29,9.05,NA,"VFF - AaB","VFF","AaB","0 - 1",4.545,"Johnny RÃ¸n",9.05,9,5,2003,2004,2004,2004-05-09,"2003/2004",2004-05-09 15:00:00,"Ingen",FALSE,7,"Weekend",15,"Eftermiddag",0,0,21.9571428571429,3.6,9.75,9.28571428571429,"Ingen regn før kamp","Tør dag","Varmt","Svag vind","Mellem vindstød","Solrigt",2004-05-09
31,16.05,NA,"VFF - AB","VFF","AB","0 - 2",2.895,"Tonny K. Poulsen",16.05,16,5,2003,2004,2004,2004-05-16,"2003/2004",2004-05-16 15:00:00,"Ingen",FALSE,7,"Weekend",15,"Eftermiddag",0,0,15.1142857142857,9,14.9,34.2857142857143,"Ingen regn før kamp","Tør dag","Mildt","Kraftig vind","Mellem vindstød","Let overskyet",2004-05-16
32,23.05,NA,"VFF - OB","VFF","OB","2 - 2",3.778,"Michael Svendsen",23.05,23,5,2003,2004,2004,2004-05-23,"2003/2004",2004-05-23 15:00:00,"Ingen",FALSE,7,"Weekend",15,"Eftermiddag",0,0,12.4857142857143,7.45,13.5,1.42857142857143,"Ingen regn før kamp","Tør dag","Mildt","Mellem vind","Mellem vindstød","Solrigt",2004-05-23
